{
  "siteTitle": "TechCrack - Tech In Every Thing",
  "siteType": "blogger",
  "siteUrl": "https://www.techcrackblog.com",
  "filledLinks":[
    {
	  "signal": "https://pagead2.googlesyndication.com/pagead/js/adsbygoogle.js",
	  "find": "https://pagead2.googlesyndication.com/pagead/js/adsbygoogle.js",
	  "repl": "http://localhost:9991/pseudo-ads.js"
	}
  ],
  "userAgent":"Mozilla/5.0 (Windows NT 10.0; Win64; x64) AppleWebKit/537.36 (KHTML, like Gecko) Chrome/86.0.4240.75 Safari/537.36",
  "hasInternet":true,
  "maxCacheSize":1073741824,
  "autoSync":true
}